date,population,new_infected_mean,perc_current_infected_mean,perc_total_infected_mean,total_cases,total_deaths
2020-02-12,331875705,67.49082578171212,2.0336175491276808e-07,2.0336175491276808e-07,0,0
2020-02-13,331875705,158.94949452350912,6.823046004684833e-07,6.823046004684833e-07,0,0
2020-02-14,331875705,207.70377805318566,1.3081526963789257e-06,1.3081526963789254e-06,0,0
2020-02-15,331875705,285.23863063108774,2.167626970433086e-06,2.167626970433086e-06,0,0
2020-02-16,331875705,563.5616564755225,3.865737582282551e-06,3.86573758228255e-06,0,0
2020-02-17,331875705,678.6213149813851,5.910543227159103e-06,5.910543227159103e-06,0,0
2020-02-18,331875705,852.7106392255422,8.479910693287852e-06,8.47991069328785e-06,0,0
2020-02-19,331875705,1041.5735390879931,1.1618355368194057e-05,1.1618355368194057e-05,0,0
2020-02-20,331875705,1307.0608756229105,1.5556760186416323e-05,1.555676018641632e-05,0,0
2020-02-21,331875705,1659.769406150053,2.0557937980223352e-05,2.0557937980223345e-05,0,0
2020-02-22,331875705,2119.586347523404,2.6944625271850814e-05,2.6944625271850804e-05,0,0
2020-02-23,331875705,2675.2669316125266,3.500567611500466e-05,3.5005676115004655e-05,0,0
2020-02-24,331875705,3458.950764889251,4.5428104490378656e-05,4.5428104490378656e-05,0,0
2020-02-25,331875705,4426.032342254249,5.8764520129041476e-05,5.8764520129041476e-05,0,0
2020-02-26,331875705,5637.800857891314,7.575220790778778e-05,7.57522079077878e-05,0,0
2020-02-27,331875705,7171.520251173498,9.71579008174022e-05,9.736126257231498e-05,0,0
2020-02-28,331875705,9109.608827421183,0.00012412781514993122,0.00012481011975039975,0,0
2020-02-29,331875705,11320.300307037905,0.000157612027346135,0.00015892018004251391,18,5
2020-03-01,331875705,14200.706209055275,0.00019954178408570765,0.0002017094110561408,42,8
2020-03-02,331875705,17863.276161378966,0.00025166887336723083,0.00025553461094951333,72,11
2020-03-03,331875705,22521.573223329724,0.0003174855377969104,0.0003233960810240696,114,14
2020-03-04,331875705,28209.941570536612,0.00039991769694309163,0.0004083976076363793,240,16
2020-03-05,331875705,35438.23506972068,0.0005035609013488878,0.0005151792567170817,305,20
2020-03-06,331875705,44596.97414148197,0.0006340010408760009,0.0006495578010624174,437,26
2020-03-07,331875705,54770.117261389445,0.0007940318809016044,0.0008145898188818278,574,27
2020-03-08,331875705,66001.97757117302,0.0009865207864201617,0.0010134654116920124,744,31
2020-03-09,331875705,78932.1227976578,0.001216296135194322,0.0012513018113093264,1020,35
2020-03-10,331875705,93457.64840403717,0.0014874780755510224,0.0015329061800414014,1408,37
2020-03-11,331875705,109430.94200235262,0.00180387637792178,0.0018626408980508206,1828,43
2020-03-12,331875705,125772.07238200867,0.002165862114491793,0.0022416143223995804,2511,51
2020-03-13,331875705,141569.02218146884,0.002570825478502712,0.0026681867410750263,3354,56
2020-03-14,331875705,159313.32353438824,0.003023415747823472,0.003148225867573871,4379,64
2020-03-15,331875705,178356.1448353343,0.0035267241913514383,0.003685644371393951,5668,79
2020-03-16,331875705,197008.56744370903,0.004077556501401533,0.0042792659124576745,7383,100
2020-03-17,331875705,215501.43472938403,0.00467307511150288,0.004928609722452395,9471,124
2020-03-18,331875705,232881.18320356187,0.005306925697161847,0.005630321778185917,12828,152
2020-03-19,331875705,248666.0898274813,0.00597119893239895,0.006379596540035329,17442,203
2020-03-20,331875705,263644.87033926806,0.006658825751209166,0.007174005007926247,23544,273
2020-03-21,331875705,275396.61213999614,0.0073542657443189784,0.008003823545381393,30476,335
2020-03-22,331875705,284089.021054438,0.008045244024253776,0.008859833843135602,39699,480
2020-03-23,331875705,291171.2639216901,0.00872371877536735,0.009737184187059364,50891,581
2020-03-24,331875705,295046.34928636573,0.009374909034951757,0.01062621084626108,61773,817
2020-03-25,331875705,296600.8804308456,0.0099870154017821,0.0115199215818235,74404,1058
2020-03-26,331875705,297381.78264369606,0.010553344415354646,0.012415985313405467,92020,1371
2020-03-27,331875705,295803.20594507345,0.011065678192733935,0.013307292515133518,111274,1781
2020-03-28,331875705,292433.55191985174,0.011520259614228418,0.014188446355303447,131045,2332
2020-03-29,331875705,288375.05048173474,0.011909145347660896,0.01505737121523477,150709,2837
2020-03-30,331875705,282288.401755045,0.012222311558244797,0.015907955929638746,171911,3422
2020-03-31,331875705,275776.1791639947,0.012459652256987076,0.01673891816944475,196848,4330
2020-04-01,331875705,268518.40730169,0.012619401740825627,0.01754801146327802,223119,5336
2020-04-02,331875705,260607.93228170386,0.012702947323284405,0.018333269101470324,251182,6511
2020-04-03,331875705,253625.57943584543,0.012717891139700144,0.019097487679735473,283072,7798
2020-04-04,331875705,247883.36847585603,0.012670398956253298,0.019844403964179542,316130,9276
2020-04-05,331875705,241560.01913549658,0.012568443337041883,0.02057226688242328,342040,10618
2020-04-06,331875705,235934.78067992168,0.012423346122485256,0.02128317996562086,370283,11932
2020-04-07,331875705,230768.76110819323,0.012241342734157999,0.021978526921217368,400759,13970
2020-04-08,331875705,227668.80289111257,0.012038322310004767,0.022664533156265848,431718,15973
2020-04-09,331875705,224314.68619464856,0.011820511264643079,0.02334043284646658,466834,18024
2020-04-10,331875705,219986.61815350383,0.011587305991330916,0.02400329130473638,500442,20107
2020-04-11,331875705,215207.93023474334,0.01134445821881822,0.024651750733951733,531705,22182
2020-04-12,331875705,210613.4360942169,0.01109791978713147,0.025286366142434916,559820,23882
2020-04-13,331875705,205679.9483361769,0.010848744867426041,0.025906116082660805,584101,25515
2020-04-14,331875705,200559.26815770735,0.010602480581230889,0.02651043651086964,609975,27867
2020-04-15,331875705,193385.05329493497,0.010354221595629457,0.027093139765074218,639896,30412
2020-04-16,331875705,186458.5034377652,0.010106960640315103,0.02765497210359313,671423,32606
2020-04-17,331875705,180514.74390902964,0.009865625745455372,0.02819889484692569,703407,34724
2020-04-18,331875705,174647.47333763086,0.009627650790047852,0.02872513846978331,731357,36619
2020-04-19,331875705,169240.63919192145,0.009390686384099744,0.029235090348279293,758880,38382
2020-04-20,331875705,164069.49749217843,0.009157193782876287,0.029729460665299565,784847,40198
2020-04-21,331875705,158442.17199749005,0.008923694893036094,0.030206874858656963,810886,42677
2020-04-22,331875705,153345.6355574876,0.008690405368119814,0.030668932289337175,840062,44762
2020-04-23,331875705,148122.66820209392,0.00845071884243991,0.03111525199870576,872015,46571
2020-04-24,331875705,141706.1560493901,0.008201804779431717,0.03154223762589829,906241,48545
2020-04-25,331875705,135821.1605020566,0.007948199419402585,0.03195149072413897,941975,50174
2020-04-26,331875705,129756.92935799302,0.007690720491028631,0.03234247122498037,969289,51393
2020-04-27,331875705,124111.19218395064,0.007430073982088586,0.03271644012452351,991696,52683
2020-04-28,331875705,119070.42412215208,0.00716910421868266,0.03307522030134347,1016930,54761
2020-04-29,331875705,114499.15463556295,0.006909789926537821,0.03342022643740745,1043106,57437
2020-04-30,331875705,110522.16654497884,0.0066601094422433895,0.03375324920731758,1073152,59597
2020-05-01,331875705,108410.19843478872,0.006424936141434953,0.034079908245028066,1105960,61406
2020-05-02,331875705,106216.45177050268,0.006201062290414352,0.03439995713734005,1135156,62933
2020-05-03,331875705,104420.64365514796,0.005989456473464049,0.03471459494324737,1160945,64181
2020-05-04,331875705,102722.78472704918,0.005789026452637811,0.03502411680091709,1183140,65209
2020-05-05,331875705,101280.37100693841,0.005599831746489496,0.03532929241178906,1205484,67699
2020-05-06,331875705,99948.66565488883,0.005423580501034209,0.035630455359691164,1230740,69617
2020-05-07,331875705,98707.65593313657,0.005258946637207536,0.03592787892654473,1257969,72365
2020-05-08,331875705,97277.87222991655,0.005105742304361969,0.036220994303067744,1285166,74149
2020-05-09,331875705,95821.40759070343,0.0049674834689986316,0.036509721094896926,1310486,75605
2020-05-10,331875705,94382.70010973686,0.004842622083341252,0.03679411280748023,1331602,76640
2020-05-11,331875705,92689.43563456277,0.004730931190742077,0.03707340241572245,1349742,77531
2020-05-12,331875705,91046.66797284572,0.004631301950900298,0.03734774207542381,1372184,79040
2020-05-13,331875705,89641.92571149612,0.004542628697729639,0.0376178489990731,1393684,80770
2020-05-14,331875705,88467.90669810683,0.004464191959079377,0.037884418396486826,1420457,82623
2020-05-15,331875705,86111.7262509532,0.0043906389995639295,0.03814388820688153,1445947,84161
2020-05-16,331875705,84319.24044548998,0.004318048696548833,0.03839795694157692,1469690,85398
2020-05-17,331875705,82674.71988714924,0.004247113308604863,0.03864707044594491,1490126,86271
2020-05-18,331875705,81183.37339836736,0.004177095317210221,0.0388916902604576,1510723,87125
2020-05-19,331875705,79689.20236138067,0.0041076910733362434,0.03913180787425335,1531410,88442
2020-05-20,331875705,78100.58180749013,0.004037846282499722,0.039367138694288775,1552703,89839
2020-05-21,331875705,76300.5903537164,0.003966590463092355,0.039597045822783505,1579534,91219
2020-05-22,331875705,75996.66613802958,0.003898158247497945,0.03982603717404265,1603649,92509
2020-05-23,331875705,75180.09371597954,0.0038315737455864927,0.040052568048654216,1626210,93549
2020-05-24,331875705,74510.35947141242,0.0037673598010336934,0.040277080895930614,1645272,94237
2020-05-25,331875705,74328.46511792995,0.0037069328559766372,0.04050104566345686,1663827,94793
2020-05-26,331875705,74328.43871262233,0.0036516079356967977,0.04072501035141924,1680517,95458
2020-05-27,331875705,74825.13179357152,0.0036027295877644775,0.04095047166318828,1699689,96793
2020-05-28,331875705,75709.8981465279,0.003560749932866363,0.041178598931939474,1722488,98028
2020-05-29,331875705,76202.85489043112,0.003523793169768337,0.04140821156625517,1746106,99202
2020-05-30,331875705,77546.09788427119,0.0034979834216077046,0.04164187162848924,1769702,100125
2020-05-31,331875705,79032.38520142307,0.0034820531948257637,0.041880010136402676,1791343,100780
2020-06-01,331875705,80751.12393197809,0.0034762570611341715,0.04212332750707907,1811444,101459
2020-06-02,331875705,83200.22856099547,0.003482334201256942,0.04237402446171454,1831323,102430
2020-06-03,331875705,85900.77713741153,0.003501050770992081,0.042632858645245415,1851505,103405
2020-06-04,331875705,89148.07799237785,0.0035343388243760654,0.04290147751866484,1871982,104288
2020-06-05,331875705,93148.7057569394,0.003585105165959349,0.04318215098874287,1895032,105123
2020-06-06,331875705,97359.87681309658,0.0036494762854875676,0.04347551345953023,1917778,105837
2020-06-07,331875705,102690.3422896578,0.0037323695137631303,0.043784937562417345,1936834,106284
2020-06-08,331875705,108594.3473821147,0.0038350705774360568,0.04411215147336668,1953757,106959
2020-06-09,331875705,114919.56416647018,0.003957378713997425,0.04445842437745427,1970673,107845
2020-06-10,331875705,121504.04001774595,0.004099527116530005,0.04482453746794924,1991553,108738
2020-06-11,331875705,128381.66693244515,0.004260902397492115,0.04521137406068038,2013544,109634
2020-06-12,331875705,135459.57570372333,0.004440938708246455,0.04561953764018591,2036685,110400
2020-06-13,331875705,142916.75463741293,0.004641959448065242,0.046050171014320414,2062138,111094
2020-06-14,331875705,149995.71595908405,0.0048602629182599435,0.04650213454674913,2083796,111449
2020-06-15,331875705,157325.89496516602,0.005096175064235627,0.04697618520063829,2102051,111834
2020-06-16,331875705,165558.93965987783,0.005351715962379708,0.04747504346945877,2124889,112554
2020-06-17,331875705,174232.7729997132,0.005626013065383128,0.048000037527097646,2149042,113334
2020-06-18,331875705,182299.01471479674,0.005916477947641939,0.048549336592887356,2176084,114016
2020-06-19,331875705,189390.12359902324,0.006218524901053746,0.04912000241971858,2206949,114668
2020-06-20,331875705,195549.99114390375,0.006527078024540035,0.049709229013282896,2239185,115283
2020-06-21,331875705,201633.5009818078,0.006841272834819116,0.05031678629434935,2268373,115576
2020-06-22,331875705,206851.1082681378,0.0071551275834771414,0.050940065145894484,2295202,115864
2020-06-23,331875705,209042.29294327638,0.007457794949746576,0.051569946423113244,2328649,116588
2020-06-24,331875705,210178.50431524523,0.0077448269280252354,0.05220325130547953,2367766,117292
2020-06-25,331875705,211939.9468931684,0.008017326256879157,0.05284186372482842,2407473,117940
2020-06-26,331875705,214686.39444442576,0.008277377614094297,0.0534887516747747,2451813,118558
2020-06-27,331875705,217827.6144377327,0.008525567034088173,0.05414510467427408,2494871,119066
2020-06-28,331875705,220572.67464110456,0.008759558009726755,0.05480972902404717,2536616,119339
2020-06-29,331875705,223879.2970977439,0.008982182263402269,0.05548431681015141,2576014,119675
2020-06-30,331875705,230043.27800165847,0.00920129255662633,0.05617747775726465,2623024,120254
2020-07-01,331875705,236028.49362873242,0.009413629744637289,0.05688867321409606,2674070,120952
2020-07-02,331875705,241043.96310965333,0.009614943637469366,0.057614981164567015,2727581,121651
2020-07-03,331875705,245037.33936286965,0.009803985268727288,0.05835332186161463,2781780,122254
2020-07-04,331875705,248825.27268846202,0.009983073849765297,0.059103076269483884,2836661,122550
2020-07-05,331875705,252068.79409646857,0.010153374965818866,0.059862603979101765,2881995,122759
2020-07-06,331875705,254400.51970147304,0.010312371294639215,0.06062915758898857,2922920,122996
2020-07-07,331875705,254440.72142483614,0.010455767187859837,0.061395832333754334,2973910,123901
2020-07-08,331875705,254203.51722541303,0.010591845917341216,0.06216179234045445,3036723,124720
2020-07-09,331875705,253378.59961296397,0.010722015419497808,0.06292526672497732,3095785,125583
2020-07-10,331875705,252205.90266038993,0.010843343842038475,0.06368520756686685,3162896,126422
2020-07-11,331875705,250087.1903069511,0.010950012680188363,0.06443876435496307,3225465,127177
2020-07-12,331875705,247554.24106850836,0.011039584246238297,0.06518468892051239,3287070,127649
2020-07-13,331875705,244776.46523203663,0.011112514533771493,0.06592224355781866,3344230,127978
2020-07-14,331875705,241779.6267235213,0.011166451382284635,0.06665076819243607,3402839,128719
2020-07-15,331875705,238759.129467223,0.011192713779122527,0.06737019153638717,3472212,129582
2020-07-16,331875705,235564.61087501253,0.011191316018615411,0.06807998923271147,3542701,130523
2020-07-17,331875705,231720.02373820668,0.01116322134572742,0.06877820251029444,3619225,131462
2020-07-18,331875705,227807.61795888,0.011111305157996867,0.06946462701961154,3683975,132338
2020-07-19,331875705,223362.97657598977,0.011034582771486313,0.07013765904097019,3748205,132865
2020-07-20,331875705,217857.2732340565,0.010931497428549227,0.070794101407651,3804868,133241
2020-07-21,331875705,212383.90814432842,0.0108048939715196,0.07143405156050815,3867788,134282
2020-07-22,331875705,206415.32888345316,0.010660184998196641,0.07205601733195097,3937210,135431
2020-07-23,331875705,200777.33622319845,0.010499202497226242,0.07266099483768072,4008646,136501
2020-07-24,331875705,195917.03220051999,0.010326060665670829,0.07325132739064814,4083707,137676
2020-07-25,331875705,191934.51594898212,0.010144452353271438,0.0738296599201383,4148552,138690
2020-07-26,331875705,189232.3167723036,0.009961085892220464,0.0743998502471835,4209320,139251
2020-07-27,331875705,187478.97897779572,0.009780068537874768,0.07496475745838714,4263799,140317
2020-07-28,331875705,185869.05461957352,0.009602570125894105,0.07552481368371275,4322256,141428
2020-07-29,331875705,185097.70412626758,0.009431777501597446,0.07608254569403351,4386399,142931
2020-07-30,331875705,183978.196598858,0.009266712894447714,0.07663690443083487,4455360,144179
2020-07-31,331875705,182902.62442741665,0.009108033046377499,0.07718802227908896,4523187,145507
2020-08-01,331875705,180329.13542060208,0.008953183241033643,0.07773138575132807,4583866,146708
2020-08-02,331875705,176489.10520612125,0.008798551516024551,0.07826317853563608,4637167,147204
2020-08-03,331875705,172354.7378933979,0.008644854701481913,0.07878251374245213,4679905,147720
2020-08-04,331875705,167824.4813086475,0.008494097079963915,0.07928819848761488,4731103,148961
2020-08-05,331875705,162281.41023283594,0.008343129422022541,0.07977718098253067,4783801,150316
2020-08-06,331875705,157015.88644911273,0.008194280194163754,0.0802502975261147,4837849,151557
2020-08-07,331875705,151525.02416269784,0.008045874296056507,0.08070686913373717,4898672,152880
2020-08-08,331875705,146978.8635342152,0.007898414967371075,0.08114974235801925,4952201,153966
2020-08-09,331875705,143359.46613077575,0.007752049779783132,0.08158170969992139,5002967,154587
2020-08-10,331875705,140387.0586142213,0.007604870406836616,0.08200472065402012,5044337,155017
2020-08-11,331875705,138182.32177135695,0.007456330888987791,0.08242108834737495,5099272,156337
2020-08-12,331875705,136706.15142978673,0.007308194395568407,0.08283300807928116,5155458,157854
2020-08-13,331875705,135653.45633710801,0.00715921016127756,0.08324175585531107,5207221,159017
2020-08-14,331875705,134770.7300259286,0.007010939390529428,0.0836478438213643,5264322,160243
2020-08-15,331875705,134510.2355384374,0.006865124592519495,0.08405314687160846,5320368,161470
2020-08-16,331875705,133853.51901403,0.006725085367874919,0.08445647111920297,5362871,162087
2020-08-17,331875705,133158.4265405272,0.0065945223950125515,0.08485770093064858,5400622,162498
2020-08-18,331875705,132884.81223755228,0.006475592551516338,0.08525810629396842,5440692,163677
2020-08-19,331875705,132693.34195425978,0.006369736235958718,0.0856579347235736,5485765,165088
2020-08-20,331875705,131995.23490158853,0.006278478651040751,0.08605565963357142,5529609,166217
2020-08-21,331875705,131924.27355695836,0.006202873198414582,0.0864531707245293,5576065,167336
2020-08-22,331875705,130207.17229861174,0.006138638752979395,0.08684550788671662,5622119,168371
2020-08-23,331875705,128386.84099276483,0.006082617711784318,0.08723236006980353,5660019,168948
2020-08-24,331875705,126107.01038324139,0.006030633021469207,0.08761234272139065,5694562,169289
2020-08-25,331875705,122921.02486296277,0.005978004782980769,0.08798272543700088,5731401,170429
2020-08-26,331875705,119494.490447808,0.005921695053036695,0.08834278340041163,5775732,171729
2020-08-27,331875705,116544.89094610096,0.005860945621306868,0.08869395370058801,5819843,172857
2020-08-28,331875705,112349.97896633821,0.005790728136207229,0.08903248399151828,5865958,173877
2020-08-29,331875705,110233.60997631555,0.005716793468257934,0.08936463728962221,5909953,174894
2020-08-30,331875705,109297.65916789488,0.005640823531348745,0.08969397040295721,5948719,175371
2020-08-31,331875705,109173.7233056442,0.0055664589564896555,0.09002293007569266,5980439,175751
2020-09-01,331875705,109754.86411948195,0.005495939897491212,0.09035364082813978,6022681,176765
2020-09-02,331875705,110890.88786434795,0.0054296683264125015,0.09068777462038091,6053336,177800
2020-09-03,331875705,112079.2495053766,0.005367554432149337,0.09102548915572296,6097979,178872
2020-09-04,331875705,115175.25736726497,0.005316872874925003,0.09137253250849643,6149579,179871
2020-09-05,331875705,118762.28996892388,0.005277213498267605,0.0917303842227969,6194439,180797
2020-09-06,331875705,121446.20844160089,0.005250815169842177,0.09209632305655877,6227472,181249
2020-09-07,331875705,123744.16205288829,0.005236825959815861,0.09246918602961939,6255589,181476
2020-09-08,331875705,126501.76775365189,0.005238015433358103,0.09285035815474875,6277899,181823
2020-09-09,331875705,129145.08419969317,0.005256769621275325,0.09323949505827617,6308632,182911
2020-09-10,331875705,131671.34925659889,0.005293460643321639,0.09363624404373326,6346041,184072
2020-09-11,331875705,132612.10233470515,0.005341873983456326,0.09403582768404437,6390739,185087
2020-09-12,331875705,131225.09350056745,0.005398748030727213,0.09443123202224551,6432589,185904
2020-09-13,331875705,130526.64073736423,0.005459894509530321,0.09482453179915254,6467168,186296
2020-09-14,331875705,130011.40441350105,0.005522308675236141,0.09521627907819336,6500740,186703
2020-09-15,331875705,128430.90626142423,0.005580333962009635,0.09560326403770227,6535518,187737
2020-09-16,331875705,127024.74118979725,0.0056323711458412,0.09598601197398104,6575837,188927
2020-09-17,331875705,125837.90134048772,0.0056774091322046175,0.09636518375258557,6619479,189807
2020-09-18,331875705,125232.29030999276,0.005717041562679202,0.09674253071840218,6666368,190708
2020-09-19,331875705,125835.6536972167,0.005749163215964885,0.0971216957244613,6712036,191455
2020-09-20,331875705,126392.3453241593,0.005772153917725459,0.09750253814052236,6747569,191782
2020-09-21,331875705,127369.27722886731,0.00579000116806054,0.09788632422461933,6786731,192063
2020-09-22,331875705,129285.08995772772,0.005806696960555624,0.09827588299017502,6835717,192922
2020-09-23,331875705,131243.84731969325,0.005820985682190254,0.098671343836939,6875215,194078
2020-09-24,331875705,133580.58470199184,0.005834350627064114,0.0990738456853403,6918556,195016
2020-09-25,331875705,137207.61933349396,0.005851032384702549,0.09948727642843579,6973793,195863
2020-09-26,331875705,141339.23866017384,0.005877328784812551,0.09991315646885693,7021061,196736
2020-09-27,331875705,145570.96064979077,0.005920555411326906,0.10035178743357241,7056051,197046
2020-09-28,331875705,150028.71646209538,0.005979318603181312,0.10080385040233385,7091427,197292
2020-09-29,331875705,154562.9012259402,0.006053296590851241,0.10126957566904458,7128193,198016
2020-09-30,331875705,158586.21226708256,0.006144159843422436,0.10174742388112472,7173102,199080
2020-10-01,331875705,162012.81237730736,0.0062495850693741525,0.10223559704335512,7218822,199942
2020-10-02,331875705,163550.68055082904,0.006363220320892009,0.10272840407347758,7268249,200784
2020-10-03,331875705,165343.61546438094,0.006484082814138956,0.10322661353254108,7319123,201522
2020-10-04,331875705,166940.31411400074,0.006607938401630015,0.10372963412609133,7357288,201902
2020-10-05,331875705,168182.02185710153,0.006733858063429127,0.10423639620395148,7395040,202233
2020-10-06,331875705,169990.263573393,0.00686228260822829,0.10474860683284758,7433886,202846
2020-10-07,331875705,173883.7733352784,0.006996666302803192,0.10527254929297825,7485102,203775
2020-10-08,331875705,179047.59037081432,0.007140707407141099,0.10581205124408012,7540410,204754
2020-10-09,331875705,185791.37578416994,0.007298027724041601,0.10637187340938194,7597403,205667
2020-10-10,331875705,192302.7199324436,0.007464038973942975,0.10695131540237879,7655038,206358
2020-10-11,331875705,199435.24058834327,0.007639092468528154,0.10755224893738503,7701710,206829
2020-10-12,331875705,207188.92200764662,0.007824758247702485,0.10817654568127485,7744944,207114
2020-10-13,331875705,214861.6902680023,0.008020111426103739,0.10882396182843758,7791923,207832
2020-10-14,331875705,221054.1814694737,0.008220461374116757,0.10949003704316139,7849163,208633
2020-10-15,331875705,232469.25222922963,0.008443083997132042,0.11019050787825675,7912804,209561
2020-10-16,331875705,244199.4426060699,0.00869072680132213,0.11092632384467731,7981309,210452
2020-10-17,331875705,256502.33752741327,0.008970806528690495,0.11169921060216807,8038984,211232
2020-10-18,331875705,269673.4808646651,0.009285170803714136,0.11251178433625528,8086941,211637
2020-10-19,331875705,283807.69577212026,0.009637312825252348,0.11336694695134367,8144591,212080
2020-10-20,331875705,298896.78357652907,0.01003117944383905,0.11426757564779055,8205165,212913
2020-10-21,331875705,316374.92430383374,0.01047226223033118,0.11522086906317877,8266875,213941
2020-10-22,331875705,324256.23293154174,0.010925360957748613,0.11619791025072679,8340294,215058
2020-10-23,331875705,333068.31930813164,0.011389452563783221,0.11720150380786333,8422869,216007
2020-10-24,331875705,343891.94358761894,0.011865837443488257,0.11823771085287016,8506661,216903
2020-10-25,331875705,357500.36478095216,0.012363607067355448,0.11931492246973424,8571132,217294
2020-10-26,331875705,372026.69088791823,0.012883655530377394,0.12043590446776242,8634562,217691
2020-10-27,331875705,388177.19219579577,0.013429005091859,0.12160555077313388,8706817,218613
2020-10-28,331875705,404097.3877903599,0.01399920560570004,0.12282316743413765,8786517,219660
2020-10-29,331875705,424708.48782314354,0.01461285192956599,0.12410288897272731,8875882,220720
2020-10-30,331875705,444941.03201469325,0.015253066855167318,0.12544357473342405,8973824,221667
2020-10-31,331875705,462762.76516489626,0.01591163667292131,0.12683796051759857,9065118,222625
2020-11-01,331875705,472685.21482266724,0.01656303378948714,0.12826224439165526,9207091,223035
2020-11-02,331875705,481042.0608472128,0.017199924579617585,0.12971170891587283,9290545,223510
2020-11-03,331875705,486485.5945460305,0.017810628815331103,0.13117757576667474,9410494,225027
2020-11-04,331875705,489734.4713060643,0.018385656408054517,0.13265323205584506,9516490,226158
2020-11-05,331875705,491948.3148663218,0.01891468998272515,0.13413555904590396,9635513,227312
2020-11-06,331875705,492614.5030426799,0.01942198312764258,0.13561989337836944,9765503,228497
2020-11-07,331875705,492919.16243857867,0.01990364189543472,0.13710514570329807,9897616,229622
2020-11-08,331875705,500182.4427412268,0.020374572719230957,0.1386122835721011,10010061,230135
2020-11-09,331875705,505100.5801887263,0.020819318186235766,0.14013424065597002,10128464,230712
2020-11-10,331875705,509890.99261726,0.02123472762914555,0.141670632096908,10264033,232070
2020-11-11,331875705,512948.8536185603,0.021610686638928334,0.14321623741206227,10413366,233647
2020-11-12,331875705,515063.33220622374,0.021945046589789647,0.14476821402392728,10570908,234759
2020-11-13,331875705,516122.48224756226,0.022220493068839442,0.14632338204156675,10745541,236060
2020-11-14,331875705,517877.3163556739,0.02244026295028039,0.14788383768370447,10913267,237413
2020-11-15,331875705,517215.81220947875,0.022604339579645538,0.14944230009724413,11060329,238125
2020-11-16,331875705,517710.27519529115,0.022740008023265493,0.15100225241492068,11210306,238732
2020-11-17,331875705,519700.9608509924,0.02285649410350984,0.1525682030193827,11370132,240285
2020-11-18,331875705,526018.948838977,0.022975615068670414,0.1541531908353452,11538352,242170
2020-11-19,331875705,535186.7855649918,0.02311257090356326,0.1557658029594083,11726284,244180
2020-11-20,331875705,547490.9853131812,0.023279930760311016,0.15741548980621498,11923448,246090
2020-11-21,331875705,561392.050766609,0.02348716963525044,0.15910706301361982,12109833,247641
2020-11-22,331875705,574851.9967637453,0.023734047707645547,0.16083919341094358,12264021,248564
2020-11-23,331875705,591071.4124941191,0.02400791219481219,0.16262019576691333,12418717,249417
2020-11-24,331875705,605591.7846452427,0.024310709907758715,0.1644449505637287,12585220,251508
2020-11-25,331875705,618504.9201549427,0.024637982817168225,0.16630861491407622,12773716,253789
2020-11-26,331875705,628800.0133875154,0.024987062783021572,0.16820330019508378,12903480,255181
2020-11-27,331875705,636451.1618382802,0.025352825711139663,0.17012103973506693,13102354,256585
2020-11-28,331875705,638990.9229231561,0.025723049981324173,0.17204643202289088,13253823,257828
2020-11-29,331875705,641800.8611291248,0.02609645346614223,0.17398029114984673,13391077,258653
2020-11-30,331875705,643159.3968915842,0.02647594368728423,0.17591824378452836,13541108,259690
2020-12-01,331875705,643911.4346973639,0.026856210026762358,0.17785846244168305,13722291,262179
2020-12-02,331875705,641612.5530731358,0.027223551143889756,0.17979175416327245,13925720,264990
2020-12-03,331875705,640145.6508958269,0.027567435014680626,0.18172062585002585,14141991,267812
2020-12-04,331875705,638002.0475442709,0.027877235522612596,0.18364303848202096,14372304,270375
2020-12-05,331875705,638200.3536771147,0.028150558839135368,0.18556604864535034,14591374,272861
2020-12-06,331875705,636888.2151918664,0.028378042090508822,0.18748510510412866,14773954,274024
2020-12-07,331875705,631294.1651989733,0.02854811229325303,0.18938730570419665,14955851,275315
2020-12-08,331875705,629932.2185752162,0.028665206752098996,0.1912854025190123,15173695,277995
2020-12-09,331875705,630006.0482200735,0.02873877123183345,0.19318372179556215,15390423,281164
2020-12-10,331875705,628148.822271716,0.028767830008874014,0.19507644492295023,15611269,284296
2020-12-11,331875705,628729.5348179884,0.028767617644520533,0.19697091783960435,15848202,287043
2020-12-12,331875705,629168.0983558518,0.028745672490438138,0.19886671222550514,16075106,289540
2020-12-13,331875705,629298.7289947267,0.0287164682016565,0.20076290022454746,16262357,291041
2020-12-14,331875705,632550.7725881314,0.028688596054338596,0.20266888720418527,16455643,292398
2020-12-15,331875705,622409.1568877947,0.028626071923493316,0.20454431570802176,16648861,295322
2020-12-16,331875705,619636.4545956028,0.02855292712941518,0.2064113895710982,16883149,298775
2020-12-17,331875705,622774.9895226398,0.02849616622987752,0.20828792039314994,17126119,302240
2020-12-18,331875705,625330.0352273474,0.02845152416827051,0.21017215001829637,17367905,305106
2020-12-19,331875705,628160.3296418918,0.028421869337398275,0.21206490781941917,17572778,307814
2020-12-20,331875705,633262.9999890665,0.02840699222041242,0.2139730408657627,17770272,309482
2020-12-21,331875705,641385.7638535083,0.02842054412732781,0.21590564923145655,17949678,310962
2020-12-22,331875705,657538.3536080138,0.028499622493154686,0.2178869281973513,18142686,314099
2020-12-23,331875705,664074.7468433371,0.028602499949243618,0.2198879024682559,18367212,317492
2020-12-24,331875705,664085.6909762592,0.028705187920200048,0.22188890971576225,18573896,320450
2020-12-25,331875705,661719.4228478943,0.02880634205733756,0.22388278698028774,18700692,322003
2020-12-26,331875705,659851.377531924,0.028900117655385436,0.22587103549498977,18891286,323429
2020-12-27,331875705,655422.1773304145,0.02897922582322967,0.22784593804873476,19044826,324826
2020-12-28,331875705,645130.4978226123,0.02902692973342667,0.22978982995797423,19208953,326316
2020-12-29,331875705,642828.0059864371,0.029057896849257896,0.23172678405344313,19408632,329605
2020-12-30,331875705,639527.3181173191,0.0291094768865177,0.23365379259453942,19638128,333505
2020-12-31,331875705,635505.6481189347,0.029157293563919058,0.2355686831350173,19864374,336802
2021-01-01,331875705,632828.3327101221,0.0291875860590792,0.23747550645222915,20047280,339394
2021-01-02,331875705,625048.3558898855,0.02918673730958287,0.23935888732787916,20327598,341800
2021-01-03,331875705,616441.8880457627,0.02915142757940504,0.24121633539882414,20536055,343255
2021-01-04,331875705,608252.7981914758,0.029076067432757393,0.24304910829852006,20715626,344802
2021-01-05,331875705,589655.2942430901,0.02892019440911917,0.2448258436405756,20934701,348286
2021-01-06,331875705,571483.781577526,0.02866089681446551,0.24654782501181685,21184885,352188
2021-01-07,331875705,552802.1349697958,0.028325612820496917,0.24821351528875288,21456928,356267
2021-01-08,331875705,527850.4396930732,0.027915111993739545,0.24980402170950175,21752049,360047
2021-01-09,331875705,507391.9527393271,0.027450096122485678,0.2513328831027735,22021417,363584
2021-01-10,331875705,486427.9940426074,0.026927540898115408,0.25279857639310516,22250149,365652
2021-01-11,331875705,465335.4919660158,0.026354776207899836,0.2542007142566345,22445404,367385
2021-01-12,331875705,447169.8523433752,0.025758285887889105,0.25554811584586323,22663424,371449
2021-01-13,331875705,430475.4942452359,0.02511843033792891,0.256845214391372,22887915,375536
2021-01-14,331875705,415845.0652422857,0.02444443628080131,0.2580982288753408,23113531,379451
2021-01-15,331875705,409464.190929405,0.023763333525209335,0.2593320166602266,23359985,383130
2021-01-16,331875705,401552.55896296113,0.023066458851158815,0.26054196530338786,23578070,386839
2021-01-17,331875705,393832.301071096,0.022369764120766335,0.2617286514486456,23765288,388892
2021-01-18,331875705,386404.36137710314,0.021676620503433275,0.2628929559022575,23916080,390287
2021-01-19,331875705,377552.87976699625,0.02098148098297793,0.2640305892814981,24062706,392428
2021-01-20,331875705,368357.68564446666,0.020314672279404332,0.26514051591998006,24251909,396837
2021-01-21,331875705,359034.68527172325,0.019674525703125716,0.2662223507149425,24438184,400715
2021-01-22,331875705,345228.0121467724,0.01904906828127851,0.2672625835700314,24629099,404695
2021-01-23,331875705,330904.14218036557,0.018455634370493423,0.26825965607999513,24806217,408286
2021-01-24,331875705,317503.66748546885,0.01788346749478356,0.2692163505975571,24950451,410230
2021-01-25,331875705,304605.8126715401,0.017335605211911524,0.27013418160501673,25083905,411823
2021-01-26,331875705,292171.541125242,0.016813831703842368,0.2710145459604769,25230353,415557
2021-01-27,331875705,280280.97212401807,0.016310966089683125,0.27185908193554637,25384338,419634
2021-01-28,331875705,268235.46119978116,0.01582210827152661,0.27266732266289867,25541644,423645
2021-01-29,331875705,257643.1599440045,0.01534541804408655,0.2734436469194273,25708755,427148
2021-01-30,331875705,247166.46431519222,0.014856386385037527,0.2741884030452641,25857579,430130
2021-01-31,331875705,241857.1210268038,0.014375195880489577,0.27491716118387755,25976946,432189
2021-02-01,331875705,236460.8170564815,0.013901007858758325,0.2756296593074038,26097146,433751
2021-02-02,331875705,231585.73779534144,0.013434512055512464,0.27632746795776997,26214762,437237
2021-02-03,331875705,,,,26331722,440922
2021-02-04,331875705,,,,26455629,446134
2021-02-05,331875705,,,,26586775,449677
2021-02-06,331875705,,,,26701332,452671
2021-02-07,331875705,,,,26797326,454146
2021-02-08,331875705,,,,26875063,455455
2021-02-09,331875705,,,,26968049,458250
2021-02-10,331875705,,,,27063243,461695
2021-02-11,331875705,,,,27165660,465568
2021-02-12,331875705,,,,27266690,470995
2021-02-13,331875705,,,,27357332,474462
2021-02-14,331875705,,,,27429496,475828
2021-02-15,331875705,,,,27484573,476906
2021-02-16,331875705,,,,27540885,478259
